time,focusing,err
5,4.27426,3.61333
10,14.0359,5.09778
15,23.6,3.88098
20,12.4952,4.22476
30,2.781,1.905